{"cameraMode":{"drawMode":0,"name":"Shaded","section":"Shading Mode"},"sceneLighting":true,"audioPlay":false,"sceneViewState":{"m_AlwaysRefresh":false,"showFog":true,"showSkybox":true,"showFlares":true,"showImageEffects":true,"showParticleSystems":true,"showVisualEffectGraphs":true,"m_FxEnabled":true},"in2DMode":false,"pivot":{"x":112.92733001708985,"y":57.114837646484378,"z":-178.27761840820313},"rotation":{"x":0.03854327276349068,"y":-0.19509221613407136,"z":0.007672889158129692,"w":0.9799984097480774},"size":82.82188415527344,"orthographic":false}